<?xml version="1.0" encoding="UTF-8"?>
<!DOCTYPE pedidos SYSTEM "./dtd.dtd">
<pedidos>
    <!-- t1 a21-->
    <pedido>
        <numero>01</numero>
        <nombre>Juan</nombre>
        <apellido>Diaz</apellido>
        <telefono>611-222-333</telefono>
        <direccion>
            <calle>Calle mayor</calle>
            <ciudad>Santa Pola</ciudad>
            <codigo_postal>28017</codigo_postal>
            <provincia>Alicante</provincia>
        </direccion>
        <email>j.diaz@gmail.com</email>
        <fecha_inclusion>
            <fecha>01/01/2021</fecha>
            <año>2021</año>
            <trimestre>1</trimestre>
        </fecha_inclusion>
        <datosPedido>
            <id_pedido>01</id_pedido>
            <fecha_compra>10/01/2021</fecha_compra>
            <fecha_entrega>15/01/2021</fecha_entrega>
            <total_factura>20€</total_factura>
            <producto>
                <nombre_producto>camisa de rayas</nombre_producto>
                <referencia>01</referencia>
                <precio>20€</precio>
                <unidades>1</unidades>
            </producto>
        </datosPedido>
    </pedido>

    <pedido>
        <numero>02</numero>
        <nombre>Javier</nombre>
        <apellido>Gonzalez</apellido>
        <telefono>644-555-666</telefono>
        <direccion>
            <calle>Calle ferrocarril</calle>
            <ciudad>Getafe</ciudad>
            <codigo_postal>28907</codigo_postal>
            <provincia>Madrid</provincia>
        </direccion>
        <email>j.gonzalez@gmail.com</email>
        <fecha_inclusion>
            <fecha>02/01/2021</fecha>
            <año>2021</año>
            <trimestre>1</trimestre>
        </fecha_inclusion>
        <datosPedido>
            <id_pedido>02</id_pedido>
            <fecha_compra>02/01/2021</fecha_compra>
            <fecha_entrega>09/01/2021</fecha_entrega>
            <total_factura>20€</total_factura>
            <producto>
                <nombre_producto>pantalon cargo</nombre_producto>
                <referencia>02</referencia>
                <precio>30€</precio>
                <unidades>1</unidades>
            </producto>
        </datosPedido>
    </pedido>

    <pedido>
        <numero>03</numero>
        <nombre>Daniela</nombre>
        <apellido>Blanco</apellido>
        <telefono>647-898-766</telefono>
        <direccion>
            <calle>Calle de la paz</calle>
            <ciudad>Toledo</ciudad>
            <codigo_postal>28908</codigo_postal>
            <provincia>Toledo</provincia>
        </direccion>
        <email>danieda.db@gmail.com</email>
        <fecha_inclusion>
            <fecha>15/03/2021</fecha>
            <año>2021</año>
            <trimestre>1</trimestre>
        </fecha_inclusion>
        <datosPedido>
            <id_pedido>03</id_pedido>
            <fecha_compra>15/03/2021</fecha_compra>
            <fecha_entrega>20/03/2021</fecha_entrega>
            <total_factura>22€</total_factura>
            <producto>
                <nombre_producto>chaqueta ganchillo</nombre_producto>
                <referencia>03</referencia>
                <precio>25€</precio>
                <unidades>1</unidades>
            </producto>
        </datosPedido>
    </pedido>

    <pedido>
        <numero>04</numero>
        <nombre>Paula</nombre>
        <apellido>Cubero</apellido>
        <telefono>688-926-774</telefono>
        <direccion>
            <calle>Calle pedro serbal</calle>
            <ciudad>Getafe</ciudad>
            <codigo_postal>28903</codigo_postal>
            <provincia>Madrid</provincia>
        </direccion>
        <email>paulacubero@gmail.com</email>
        <fecha_inclusion>
            <fecha>10/03/2021</fecha>
            <año>2021</año>
            <trimestre>1</trimestre>
        </fecha_inclusion>
        <datosPedido>
            <id_pedido>03</id_pedido>
            <fecha_compra>10/03/2021</fecha_compra>
            <fecha_entrega>16/03/2021</fecha_entrega>
            <total_factura>24€</total_factura>
            <producto>
                <nombre_producto>pantalones lino</nombre_producto>
                <referencia>04</referencia>
                <precio>24€</precio>
                <unidades>1</unidades>
            </producto>
        </datosPedido>
    </pedido>

    <pedido>
        <numero>05</numero>
        <nombre>Jose</nombre>
        <apellido>Rudilla</apellido>
        <telefono>693-367-645</telefono>
        <direccion>
            <calle>Calle escaño</calle>
            <ciudad>Barcelona</ciudad>
            <codigo_postal>28903</codigo_postal>
            <provincia>Barcelona</provincia>
        </direccion>
        <email>j.rudilla@gmail.com</email>
        <fecha_inclusion>
            <fecha>27/01/2021</fecha>
            <año>2021</año>
            <trimestre>1</trimestre>
        </fecha_inclusion>
        <datosPedido>
            <id_pedido>05</id_pedido>
            <fecha_compra>27/01/2021</fecha_compra>
            <fecha_entrega>02/02/2021</fecha_entrega>
            <total_factura>35€</total_factura>
            <producto>
                <nombre_producto>chaqueta gris</nombre_producto>
                <referencia>05</referencia>
                <precio>35€</precio>
                <unidades>1</unidades>
            </producto>
        </datosPedido>
    </pedido>

    <pedido>
        <numero>06</numero>
        <nombre>Brina</nombre>
        <apellido>Rébecca</apellido>
        <telefono>863-690-6102</telefono>
        <direccion>
            <calle>Vera</calle>
            <ciudad>Lehigh Acres</ciudad>
            <codigo_postal>33972</codigo_postal>
            <provincia>Florida</provincia>
        </direccion>
        <email>brina4@yahoo.com</email>
        <fecha_inclusion>
            <fecha>10/04/2021</fecha>
            <año>2021</año>
            <trimestre>1</trimestre>
        </fecha_inclusion>
        <datosPedido>
            <id_pedido>06</id_pedido>
            <fecha_compra>10/04/2021</fecha_compra>
            <fecha_entrega>12/04/2021</fecha_entrega>
            <total_factura>85,25 €</total_factura>
            <producto>
                <nombre_producto>sudadera naranja</nombre_producto>
                <referencia>06</referencia>
                <precio>17,05 €</precio>
                <unidades>5</unidades>
            </producto>
        </datosPedido>
    </pedido>

    <pedido>
        <numero>07</numero>
        <nombre>Lenna</nombre>
        <apellido>Chloé</apellido>
        <telefono>765-731-6660</telefono>
        <direccion>
            <calle>Village</calle>
            <ciudad>Crawfordsville</ciudad>
            <codigo_postal>47937</codigo_postal>
            <provincia>Indiana</provincia>
        </direccion>
        <email>ldoppler6@mit.edu</email>
        <fecha_inclusion>
            <fecha>13/03/2021</fecha>
            <año>2021</año>
            <trimestre>1</trimestre>
        </fecha_inclusion>
        <datosPedido>
            <id_pedido>07</id_pedido>
            <fecha_compra>13/03/2021</fecha_compra>
            <fecha_entrega>20/03/2021</fecha_entrega>
            <total_factura>9,83 €</total_factura>
            <producto>
                <nombre_producto>gorra beisbol</nombre_producto>
                <referencia>07</referencia>
                <precio>9,83 €</precio>
                <unidades>1</unidades>
            </producto>
        </datosPedido>
    </pedido>

    <pedido>
        <numero>08</numero>
        <nombre>Saunder</nombre>
        <apellido>Laïla</apellido>
        <telefono>713-560-5203</telefono>
        <direccion>
            <calle>Pond</calle>
            <ciudad>Houston</ciudad>
            <codigo_postal>77228</codigo_postal>
            <provincia>Texas</provincia>
        </direccion>
        <email>skohnen7@domainmarket.com</email>
        <fecha_inclusion>
            <fecha>23/02/2021</fecha>
            <año>2021</año>
            <trimestre>1</trimestre>
        </fecha_inclusion>
        <datosPedido>
            <id_pedido>08</id_pedido>
            <fecha_compra>23/02/2021</fecha_compra>
            <fecha_entrega>28/02/2021</fecha_entrega>
            <total_factura>8 €</total_factura>
            <producto>
                <nombre_producto>pulsera hilo trenzado</nombre_producto>
                <referencia>07</referencia>
                <precio>4 €</precio>
                <unidades>2</unidades>
            </producto>
        </datosPedido>
    </pedido>

    <pedido>
        <numero>09</numero>
        <nombre>Álvaro</nombre>
        <apellido>Martín</apellido>
        <telefono>619-440-9406</telefono>
        <direccion>
            <calle>casar</calle>
            <ciudad>Getafe</ciudad>
            <codigo_postal>28905</codigo_postal>
            <provincia>Madrid</provincia>
        </direccion>
        <email>alvaro7@mh.com</email>
        <fecha_inclusion>
            <fecha>25/03/2021</fecha>
            <año>2021</año>
            <trimestre>1</trimestre>
        </fecha_inclusion>
        <datosPedido>
            <id_pedido>09</id_pedido>
            <fecha_compra>25/03/2021</fecha_compra>
            <fecha_entrega>30/03/2021</fecha_entrega>
            <total_factura>30 €</total_factura>
            <producto>
                <nombre_producto>sobrecamisa</nombre_producto>
                <referencia>09</referencia>
                <precio>30 €</precio>
                <unidades>1</unidades>
            </producto>
        </datosPedido>
    </pedido>

    <pedido>
        <numero>10</numero>
        <nombre>Sara</nombre>
        <apellido>Encinas</apellido>
        <telefono>865-500-0330</telefono>
        <direccion>
            <calle>almudena grandes</calle>
            <ciudad>Valdemoro</ciudad>
            <codigo_postal>28702</codigo_postal>
            <provincia>Madrid</provincia>
        </direccion>
        <email>Sara22@ce.com</email>
        <fecha_inclusion>
            <fecha>19/01/2021</fecha>
            <año>2021</año>
            <trimestre>1</trimestre>
        </fecha_inclusion>
        <datosPedido>
            <id_pedido>10</id_pedido>
            <fecha_compra>19/01/2021</fecha_compra>
            <fecha_entrega>22/01/2021</fecha_entrega>
            <total_factura>40€</total_factura>
            <producto>
                <nombre_producto>abrigo borrego</nombre_producto>
                <referencia>10</referencia>
                <precio>40€</precio>
                <unidades>1</unidades>
            </producto>
        </datosPedido>
    </pedido>

    <!-- t2 a21-->

    <pedido>
        <numero>11</numero>
        <nombre>Boris</nombre>
        <apellido>Valérie</apellido>
        <telefono>616-342-9255</telefono>
        <direccion>
            <calle>Fallview</calle>
            <ciudad>Grand Rapids</ciudad>
            <codigo_postal>49544</codigo_postal>
            <provincia>Michigan</provincia>
        </direccion>
        <email>bdanielsohna@stumbleupon.com</email>
        <fecha_inclusion>
            <fecha>1/04/2021</fecha>
            <año>2021</año>
            <trimestre>2</trimestre>
        </fecha_inclusion>
        <datosPedido>
            <id_pedido>11</id_pedido>
            <fecha_compra>1/04/2021</fecha_compra>
            <fecha_entrega>04/04/2021</fecha_entrega>
            <total_factura>9,95 €</total_factura>
            <producto>
                <nombre_producto>camiseta blanca</nombre_producto>
                <referencia>11</referencia>
                <precio>9,95 €</precio>
                <unidades>1</unidades>
            </producto>
        </datosPedido>
    </pedido>

    <pedido>
        <numero>12</numero>
        <nombre>James</nombre>
        <apellido>Fèi</apellido>
        <telefono>646-767-4816</telefono>
        <direccion>
            <calle>Heffernan</calle>
            <ciudad>New York City</ciudad>
            <codigo_postal>10270</codigo_postal>
            <provincia>New York</provincia>
        </direccion>
        <email>jheffyb@dell.com</email>
        <fecha_inclusion>
            <fecha>03/04/2021</fecha>
            <año>2021</año>
            <trimestre>2</trimestre>
        </fecha_inclusion>
        <datosPedido>
            <id_pedido>11</id_pedido>
            <fecha_compra>03/04/2021</fecha_compra>
            <fecha_entrega>07/04/2021</fecha_entrega>
            <total_factura>9,95 €</total_factura>
            <producto>
                <nombre_producto>camiseta negra</nombre_producto>
                <referencia>11</referencia>
                <precio>9,95 €</precio>
                <unidades>1</unidades>
            </producto>
        </datosPedido>
    </pedido>

    <pedido>
        <numero>13</numero>
        <nombre>Waylon</nombre>
        <apellido>Yáo</apellido>
        <telefono>801-935-5048</telefono>
        <direccion>
            <calle>Northview</calle>
            <ciudad>Ogden</ciudad>
            <codigo_postal>84409</codigo_postal>
            <provincia>Utah</provincia>
        </direccion>
        <email>wravilusc@disqus.com</email>
        <fecha_inclusion>
            <fecha>09/05/2021</fecha>
            <año>2021</año>
            <trimestre>2</trimestre>
        </fecha_inclusion>
        <datosPedido>
            <id_pedido>13</id_pedido>
            <fecha_compra>09/05/2021</fecha_compra>
            <fecha_entrega>14/05/2021</fecha_entrega>
            <total_factura>5,49€</total_factura>
            <producto>
                <nombre_producto>camiseta de tirantes</nombre_producto>
                <referencia>13</referencia>
                <precio>5,49€</precio>
                <unidades>1</unidades>
            </producto>
        </datosPedido>
    </pedido>

    <pedido>
        <numero>14</numero>
        <nombre>Fina</nombre>
        <apellido>Anaïs</apellido>
        <telefono>816-812-3063</telefono>
        <direccion>
            <calle>Fuller</calle>
            <ciudad>Kansas City</ciudad>
            <codigo_postal>64114</codigo_postal>
            <provincia>Missouri</provincia>
        </direccion>
        <email>ffilppettid@wired.com</email>
        <fecha_inclusion>
            <fecha>09/05/2021</fecha>
            <año>2021</año>
            <trimestre>2</trimestre>
        </fecha_inclusion>
        <datosPedido>
            <id_pedido>14</id_pedido>
            <fecha_compra>09/05/2021</fecha_compra>
            <fecha_entrega>13/05/2021</fecha_entrega>
            <total_factura>14,04€</total_factura>
            <producto>
                <nombre_producto>correa cuero reloj</nombre_producto>
                <referencia>14</referencia>
                <precio>14,04€</precio>
                <unidades>1</unidades>
            </producto>
        </datosPedido>
    </pedido>

    <pedido>
        <numero>15</numero>
        <nombre>Regen</nombre>
        <apellido>Uò</apellido>
        <telefono>704-242-1833</telefono>
        <direccion>
            <calle>Crownhardt</calle>
            <ciudad>Charlotte</ciudad>
            <codigo_postal>28278</codigo_postal>
            <provincia>North Carolina</provincia>
        </direccion>
        <email>rfuidgee@slashdot.org</email>
        <fecha_inclusion>
            <fecha>12/04/2021</fecha>
            <año>2021</año>
            <trimestre>2</trimestre>
        </fecha_inclusion>
        <datosPedido>
            <id_pedido>15</id_pedido>
            <fecha_compra>12/04/2021</fecha_compra>
            <fecha_entrega>16/04/2021</fecha_entrega>
            <total_factura>17,34€</total_factura>
            <producto>
                <nombre_producto>top brillante</nombre_producto>
                <referencia>15</referencia>
                <precio>8,67€</precio>
                <unidades>2</unidades>
            </producto>
        </datosPedido>
    </pedido>

    <pedido>
        <numero>16</numero>
        <nombre>Juan</nombre>
        <apellido>Diaz</apellido>
        <telefono>611-222-333</telefono>
        <direccion>
            <calle>Calle mayor</calle>
            <ciudad>Santa Pola</ciudad>
            <codigo_postal>28017</codigo_postal>
            <provincia>Alicante</provincia>
        </direccion>
        <email>j.diaz@gmail.com</email>
        <fecha_inclusion>
            <fecha>01/06/2021</fecha>
            <año>2021</año>
            <trimestre>2</trimestre>
        </fecha_inclusion>
        <datosPedido>
            <id_pedido>16</id_pedido>
            <fecha_compra>15/06/2021</fecha_compra>
            <fecha_entrega>19/06/2021</fecha_entrega>
            <total_factura>23€</total_factura>
            <producto>
                <nombre_producto>bañador</nombre_producto>
                <referencia>16</referencia>
                <precio>23€</precio>
                <unidades>1</unidades>
            </producto>
        </datosPedido>
    </pedido>

    <pedido>
        <numero>17</numero>
        <nombre>Javier</nombre>
        <apellido>Gonzalez</apellido>
        <telefono>644-555-666</telefono>
        <direccion>
            <calle>Calle ferrocarril</calle>
            <ciudad>Getafe</ciudad>
            <codigo_postal>28907</codigo_postal>
            <provincia>Madrid</provincia>
        </direccion>
        <email>j.gonzalez@gmail.com</email>
        <fecha_inclusion>
            <fecha>02/05/2021</fecha>
            <año>2021</año>
            <trimestre>2</trimestre>
        </fecha_inclusion>
        <datosPedido>
            <id_pedido>17</id_pedido>
            <fecha_compra>15/05/2021</fecha_compra>
            <fecha_entrega>19/05/2021</fecha_entrega>
            <total_factura>27€</total_factura>
            <producto>
                <nombre_producto>pantalon cargo azules</nombre_producto>
                <referencia>17</referencia>
                <precio>27€</precio>
                <unidades>1</unidades>
            </producto>
        </datosPedido>
    </pedido>

    <pedido>
        <numero>18</numero>
        <nombre>Daniela</nombre>
        <apellido>Blanco</apellido>
        <telefono>647-898-766</telefono>
        <direccion>
            <calle>Calle de la paz</calle>
            <ciudad>Toledo</ciudad>
            <codigo_postal>28908</codigo_postal>
            <provincia>Toledo</provincia>
        </direccion>
        <email>danieda.db@gmail.com</email>
        <fecha_inclusion>
            <fecha>15/05/2021</fecha>
            <año>2021</año>
            <trimestre>2</trimestre>
        </fecha_inclusion>
        <datosPedido>
            <id_pedido>18</id_pedido>
            <fecha_compra>15/05/2021</fecha_compra>
            <fecha_entrega>20/05/2021</fecha_entrega>
            <total_factura>22€</total_factura>
            <producto>
                <nombre_producto>chaleco</nombre_producto>
                <referencia>18</referencia>
                <precio>29,45€</precio>
                <unidades>1</unidades>
            </producto>
        </datosPedido>
    </pedido>

    <pedido>
        <numero>19</numero>
        <nombre>Paula</nombre>
        <apellido>Cubero</apellido>
        <telefono>688-926-774</telefono>
        <direccion>
            <calle>Calle pedro serbal</calle>
            <ciudad>Getafe</ciudad>
            <codigo_postal>28903</codigo_postal>
            <provincia>Madrid</provincia>
        </direccion>
        <email>paulacubero@gmail.com</email>
        <fecha_inclusion>
            <fecha>10/06/2021</fecha>
            <año>2021</año>
            <trimestre>2</trimestre>
        </fecha_inclusion>
        <datosPedido>
            <id_pedido>19</id_pedido>
            <fecha_compra>15/06/2021</fecha_compra>
            <fecha_entrega>20/06/2021</fecha_entrega>
            <total_factura>12€</total_factura>
            <producto>
                <nombre_producto>top lino</nombre_producto>
                <referencia>19</referencia>
                <precio>12€</precio>
                <unidades>1</unidades>
            </producto>
        </datosPedido>
    </pedido>

    <pedido>
        <numero>20</numero>
        <nombre>Jose</nombre>
        <apellido>Rudilla</apellido>
        <telefono>693-367-645</telefono>
        <direccion>
            <calle>Calle escaño</calle>
            <ciudad>Barcelona</ciudad>
            <codigo_postal>28903</codigo_postal>
            <provincia>Barcelona</provincia>
        </direccion>
        <email>j.rudilla@gmail.com</email>
        <fecha_inclusion>
            <fecha>27/06/2021</fecha>
            <año>2021</año>
            <trimestre>2</trimestre>
        </fecha_inclusion>
        <datosPedido>
            <id_pedido>20</id_pedido>
            <fecha_compra>27/06/2021</fecha_compra>
            <fecha_entrega>02/06/2021</fecha_entrega>
            <total_factura>35€</total_factura>
            <producto>
                <nombre_producto>vaqueros fit</nombre_producto>
                <referencia>20</referencia>
                <precio>35€</precio>
                <unidades>1</unidades>
            </producto>
        </datosPedido>
    </pedido>

    <!-- t3 a21-->
    <pedido>
        <numero>21</numero>
        <nombre>Mavra</nombre>
        <apellido>Océane</apellido>
        <telefono>919-410-3109</telefono>
        <direccion>
            <calle>Weeping Birch</calle>
            <ciudad>Durham</ciudad>
            <codigo_postal>27710</codigo_postal>
            <provincia>North Carolina</provincia>
        </direccion>
        <email>msaladinek@drupal.org</email>
        <fecha_inclusion>
            <fecha>05/07/2021</fecha>
            <año>2021</año>
            <trimestre>3</trimestre>
        </fecha_inclusion>
        <datosPedido>
            <id_pedido>21</id_pedido>
            <fecha_compra>05/07/2021</fecha_compra>
            <fecha_entrega>08/07/2021</fecha_entrega>
            <total_factura>26,72€</total_factura>
            <producto>
                <nombre_producto>pedientes</nombre_producto>
                <referencia>21</referencia>
                <precio>2,96€</precio>
                <unidades>5</unidades>
            </producto>
        </datosPedido>
    </pedido>

    <pedido>
        <numero>22</numero>
        <nombre>Sabina</nombre>
        <apellido>Andrée</apellido>
        <telefono>503-235-3718</telefono>
        <direccion>
            <calle>Hayes</calle>
            <ciudad>Salem</ciudad>
            <codigo_postal>97306</codigo_postal>
            <provincia>Oregon</provincia>
        </direccion>
        <email>snozzoliniil@sciencedaily.com</email>
        <fecha_inclusion>
            <fecha>11/07/2021</fecha>
            <año>2011</año>
            <trimestre>3</trimestre>
        </fecha_inclusion>
        <datosPedido>
            <id_pedido>22</id_pedido>
            <fecha_compra>11/07/2021</fecha_compra>
            <fecha_entrega>16/07/2021</fecha_entrega>
            <total_factura>28€</total_factura>
            <producto>
                <nombre_producto>jersey lana</nombre_producto>
                <referencia>22</referencia>
                <precio>28€</precio>
                <unidades>1</unidades>
            </producto>
        </datosPedido>
    </pedido>

    <pedido>
        <numero>23</numero>
        <nombre>Rosalinda</nombre>
        <apellido>Véronique</apellido>
        <telefono>813-102-4190</telefono>
        <direccion>
            <calle>Bultman</calle>
            <ciudad>Tampa</ciudad>
            <codigo_postal>33661</codigo_postal>
            <provincia>Florida</provincia>
        </direccion>
        <email>rgamettm@ask.com</email>
        <fecha_inclusion>
            <fecha>03/08/2021</fecha>
            <año>2001</año>
            <trimestre>3</trimestre>
        </fecha_inclusion>
        <datosPedido>
            <id_pedido>23</id_pedido>
            <fecha_compra>03/08/2021</fecha_compra>
            <fecha_entrega>06/08/2021</fecha_entrega>
            <total_factura>10,57€</total_factura>
            <producto>
                <nombre_producto>camiseta morada</nombre_producto>
                <referencia>23</referencia>
                <precio>10,57€</precio>
                <unidades>1</unidades>
            </producto>
        </datosPedido>
    </pedido>

    <pedido>
        <numero>24</numero>
        <nombre>Hunt</nombre>
        <apellido>Médiamass</apellido>
        <telefono>702-587-4937</telefono>
        <direccion>
            <calle>Pepper Wood</calle>
            <ciudad>Las Vegas</ciudad>
            <codigo_postal>89193</codigo_postal>
            <provincia>Nevada</provincia>
        </direccion>
        <email>hgreweo@nsw.gov.au</email>
        <fecha_inclusion>
            <fecha>29/07/2021</fecha>
            <año>1991</año>
            <trimestre>3</trimestre>
        </fecha_inclusion>
        <datosPedido>
            <id_pedido>24</id_pedido>
            <fecha_compra>26/07/2021</fecha_compra>
            <fecha_entrega>30/07/2021</fecha_entrega>
            <total_factura>19,85€</total_factura>
            <producto>
                <nombre_producto>anillo midi</nombre_producto>
                <referencia>24</referencia>
                <precio>7,99€</precio>
                <unidades>25</unidades>
            </producto>
        </datosPedido>
    </pedido>

    <pedido>
        <numero>25</numero>
        <nombre>Juan</nombre>
        <apellido>Diaz</apellido>
        <telefono>611-222-333</telefono>
        <direccion>
            <calle>Calle mayor</calle>
            <ciudad>Santa Pola</ciudad>
            <codigo_postal>28017</codigo_postal>
            <provincia>Alicante</provincia>
        </direccion>
        <email>j.diaz@gmail.com</email>
        <fecha_inclusion>
            <fecha>01/01/2021</fecha>
            <año>2021</año>
            <trimestre>3</trimestre>
        </fecha_inclusion>
        <datosPedido>
            <id_pedido>25</id_pedido>
            <fecha_compra>15/09/2021</fecha_compra>
            <fecha_entrega>19/09/2021</fecha_entrega>
            <total_factura>20€</total_factura>
            <producto>
                <nombre_producto>jeans slim</nombre_producto>
                <referencia>25</referencia>
                <precio>20€</precio>
                <unidades>1</unidades>
            </producto>
        </datosPedido>
    </pedido>

    <pedido>
        <numero>26</numero>
        <nombre>Álvaro</nombre>
        <apellido>Martín</apellido>
        <telefono>619-440-9406</telefono>
        <direccion>
            <calle>casar</calle>
            <ciudad>Getafe</ciudad>
            <codigo_postal>28905</codigo_postal>
            <provincia>Madrid</provincia>
        </direccion>
        <email>alvaro7@mh.com</email>
        <fecha_inclusion>
            <fecha>25/08/2021</fecha>
            <año>2021</año>
            <trimestre>3</trimestre>
        </fecha_inclusion>
        <datosPedido>
            <id_pedido>36</id_pedido>
            <fecha_compra>25/08/2021</fecha_compra>
            <fecha_entrega>30/08/2021</fecha_entrega>
            <total_factura>35€</total_factura>
            <producto>
                <nombre_producto>polo negro</nombre_producto>
                <referencia>36</referencia>
                <precio>35€</precio>
                <unidades>1</unidades>
            </producto>
        </datosPedido>
    </pedido>

    <pedido>
        <numero>27</numero>
        <nombre>Javier</nombre>
        <apellido>Gonzalez</apellido>
        <telefono>644-555-666</telefono>
        <direccion>
            <calle>Calle ferrocarril</calle>
            <ciudad>Getafe</ciudad>
            <codigo_postal>28907</codigo_postal>
            <provincia>Madrid</provincia>
        </direccion>
        <email>j.gonzalez@gmail.com</email>
        <fecha_inclusion>
            <fecha>02/07/2021</fecha>
            <año>2021</año>
            <trimestre>3</trimestre>
        </fecha_inclusion>
        <datosPedido>
            <id_pedido>27</id_pedido>
            <fecha_compra>15/07/2021</fecha_compra>
            <fecha_entrega>19/07/2021</fecha_entrega>
            <total_factura>27€</total_factura>
            <producto>
                <nombre_producto>pantalon cargo azules</nombre_producto>
                <referencia>27</referencia>
                <precio>27€</precio>
                <unidades>1</unidades>
            </producto>
        </datosPedido>
    </pedido>

    <pedido>
        <numero>28</numero>
        <nombre>Daniela</nombre>
        <apellido>Blanco</apellido>
        <telefono>647-898-766</telefono>
        <direccion>
            <calle>Calle de la paz</calle>
            <ciudad>Toledo</ciudad>
            <codigo_postal>28908</codigo_postal>
            <provincia>Toledo</provincia>
        </direccion>
        <email>danieda.db@gmail.com</email>
        <fecha_inclusion>
            <fecha>15/09/2021</fecha>
            <año>2021</año>
            <trimestre>3</trimestre>
        </fecha_inclusion>
        <datosPedido>
            <id_pedido>28</id_pedido>
            <fecha_compra>15/09/2021</fecha_compra>
            <fecha_entrega>20/09/2021</fecha_entrega>
            <total_factura>25,45€</total_factura>
            <producto>
                <nombre_producto>jersy punto rayas</nombre_producto>
                <referencia>28</referencia>
                <precio>25,45€</precio>
                <unidades>1</unidades>
            </producto>
        </datosPedido>
    </pedido>

    <pedido>
        <numero>29</numero>
        <nombre>Paula</nombre>
        <apellido>Cubero</apellido>
        <telefono>688-926-774</telefono>
        <direccion>
            <calle>Calle pedro serbal</calle>
            <ciudad>Getafe</ciudad>
            <codigo_postal>28903</codigo_postal>
            <provincia>Madrid</provincia>
        </direccion>
        <email>paulacubero@gmail.com</email>
        <fecha_inclusion>
            <fecha>10/07/2021</fecha>
            <año>2021</año>
            <trimestre>3</trimestre>
        </fecha_inclusion>
        <datosPedido>
            <id_pedido>29</id_pedido>
            <fecha_compra>15/07/2021</fecha_compra>
            <fecha_entrega>20/07/2021</fecha_entrega>
            <total_factura>22,95€</total_factura>
            <producto>
                <nombre_producto>jersey crop punto rotos</nombre_producto>
                <referencia>29</referencia>
                <precio>22,95€</precio>
                <unidades>1</unidades>
            </producto>
        </datosPedido>
    </pedido>

    <pedido>
        <numero>30</numero>
        <nombre>Jose</nombre>
        <apellido>Rudilla</apellido>
        <telefono>693-367-645</telefono>
        <direccion>
            <calle>Calle escaño</calle>
            <ciudad>Barcelona</ciudad>
            <codigo_postal>28903</codigo_postal>
            <provincia>Barcelona</provincia>
        </direccion>
        <email>j.rudilla@gmail.com</email>
        <fecha_inclusion>
            <fecha>27/08/2021</fecha>
            <año>2021</año>
            <trimestre>3</trimestre>
        </fecha_inclusion>
        <datosPedido>
            <id_pedido>30</id_pedido>
            <fecha_compra>27/08/2021</fecha_compra>
            <fecha_entrega>02/08/2021</fecha_entrega>
            <total_factura>15€</total_factura>
            <producto>
                <nombre_producto>funda de movil</nombre_producto>
                <referencia>30</referencia>
                <precio>15€</precio>
                <unidades>1</unidades>
            </producto>
        </datosPedido>
    </pedido>

    <!-- t4 a21-->

    <pedido>
        <numero>31</numero>
        <nombre>Doll</nombre>
        <apellido>Lauréna</apellido>
        <telefono>305-196-4355</telefono>
        <direccion>
            <calle>Lerdahl</calle>
            <ciudad>Hollywood</ciudad>
            <codigo_postal>33023</codigo_postal>
            <provincia>Florida</provincia>
        </direccion>
        <email>dsaltert@un.org</email>
        <fecha_inclusion>
            <fecha>22/10/2021</fecha>
            <año>2021</año>
            <trimestre>4</trimestre>
        </fecha_inclusion>
        <datosPedido>
            <id_pedido>31</id_pedido>
            <fecha_compra>22/10/2021</fecha_compra>
            <fecha_entrega>17/10/2021</fecha_entrega>
            <total_factura>39,99€</total_factura>
            <producto>
                <nombre_producto>blazer confort</nombre_producto>
                <referencia>31</referencia>
                <precio>39,99€</precio>
                <unidades>1</unidades>
            </producto>
        </datosPedido>
    </pedido>

    <pedido>
        <numero>32</numero>
        <nombre>Tedd</nombre>
        <apellido>Gaëlle</apellido>
        <telefono>303-555-1559</telefono>
        <direccion>
            <calle>Hooker</calle>
            <ciudad>Denver</ciudad>
            <codigo_postal>80217</codigo_postal>
            <provincia>Colorado</provincia>
        </direccion>
        <email>tsleathu@blogs.com</email>
        <fecha_inclusion>
            <fecha>15/10/2021</fecha>
            <año>2013</año>
            <trimestre>4</trimestre>
        </fecha_inclusion>
        <datosPedido>
            <id_pedido>32</id_pedido>
            <fecha_compra>23/10/2021</fecha_compra>
            <fecha_entrega>2/11/2021</fecha_entrega>
            <total_factura>15€</total_factura>
            <producto>
                <nombre_producto>pulsera rígida</nombre_producto>
                <referencia>32</referencia>
                <precio>15€</precio>
                <unidades>1</unidades>
            </producto>
        </datosPedido>
    </pedido>

    <pedido>
        <numero>33</numero>
        <nombre>Gae</nombre>
        <apellido>Andréanne</apellido>
        <telefono>407-194-6933</telefono>
        <direccion>
            <calle>Commercial</calle>
            <ciudad>Orlando</ciudad>
            <codigo_postal>32854</codigo_postal>
            <provincia>Florida</provincia>
        </direccion>
        <email>gcaldesv@census.gov</email>
        <fecha_inclusion>
            <fecha>20/12/2021</fecha>
            <año>2021</año>
            <trimestre>4</trimestre>
        </fecha_inclusion>
        <datosPedido>
            <id_pedido>33</id_pedido>
            <fecha_compra>20/12/2021</fecha_compra>
            <fecha_entrega>26/12/2021</fecha_entrega>
            <total_factura>8,09€</total_factura>
            <producto>
                <nombre_producto>pulsera perlas</nombre_producto>
                <referencia>33</referencia>
                <precio>8,09€</precio>
                <unidades>1</unidades>
            </producto>
        </datosPedido>
    </pedido>

    <pedido>
        <numero>34</numero>
        <nombre>Henrieta</nombre>
        <apellido>André</apellido>
        <telefono>205-107-4297</telefono>
        <direccion>
            <calle>Starling</calle>
            <ciudad>Tuscaloosa</ciudad>
            <codigo_postal>35487</codigo_postal>
            <provincia>Alabama</provincia>
        </direccion>
        <email>hcarabetw@bbc.co.uk</email>
        <fecha_inclusion>
            <fecha>29/11/2021</fecha>
            <año>2021</año>
            <trimestre>4</trimestre>
        </fecha_inclusion>
        <datosPedido>
            <id_pedido>34</id_pedido>
            <fecha_compra>29/11/2021</fecha_compra>
            <fecha_entrega>29/12/2021</fecha_entrega>
            <total_factura>19€</total_factura>
            <producto>
                <nombre_producto>top punto hilo metalizado</nombre_producto>
                <referencia>34</referencia>
                <precio>19€</precio>
                <unidades>1</unidades>
            </producto>
        </datosPedido>
    </pedido>

    <pedido>
        <numero>35</numero>
        <nombre>Sara</nombre>
        <apellido>Encinas</apellido>
        <telefono>971-608-4159</telefono>
        <direccion>
            <calle>Schurz</calle>
            <ciudad>Portland</ciudad>
            <codigo_postal>97271</codigo_postal>
            <provincia>Oregon</provincia>
        </direccion>
        <email>Sara22@ce.com</email>
        <fecha_inclusion>
            <fecha>17/11/2021</fecha>
            <año>2021</año>
            <trimestre>4</trimestre>
        </fecha_inclusion>
        <datosPedido>
            <id_pedido>35</id_pedido>
            <fecha_compra>17/11/2021</fecha_compra>
            <fecha_entrega>21/11/2021</fecha_entrega>
            <total_factura>40€</total_factura>
            <producto>
                <nombre_producto>blazer cruzada overside</nombre_producto>
                <referencia>35</referencia>
                <precio>40€</precio>
                <unidades>1</unidades>
            </producto>
        </datosPedido>
    </pedido>

    <pedido>
        <numero>36</numero>
        <nombre>Kai</nombre>
        <apellido>Océane</apellido>
        <telefono>989-113-0393</telefono>
        <direccion>
            <calle>Daystar</calle>
            <ciudad>Saginaw</ciudad>
            <codigo_postal>48609</codigo_postal>
            <provincia>Michigan</provincia>
        </direccion>
        <email>kbolzmanny@theatlantic.com</email>
        <fecha_inclusion>
            <fecha>23/12/2021</fecha>
            <año>2021</año>
            <trimestre>4</trimestre>
        </fecha_inclusion>
        <datosPedido>
            <id_pedido>36</id_pedido>
            <fecha_compra>23/12/2021</fecha_compra>
            <fecha_entrega>30/12/2021</fecha_entrega>
            <total_factura>17€</total_factura>
            <producto>
                <nombre_producto>body elástico</nombre_producto>
                <referencia>35</referencia>
                <precio>17€</precio>
                <unidades>35</unidades>
            </producto>
        </datosPedido>
    </pedido>

    <pedido>
        <numero>37</numero>
        <nombre>Álvaro</nombre>
        <apellido>Martín</apellido>
        <telefono>619-440-9406</telefono>
        <direccion>
            <calle>casar</calle>
            <ciudad>Getafe</ciudad>
            <codigo_postal>28905</codigo_postal>
            <provincia>Madrid</provincia>
        </direccion>
        <email>alvaro7@mh.com</email>
        <fecha_inclusion>
            <fecha>24/10/2021</fecha>
            <año>2021</año>
            <trimestre>4</trimestre>
        </fecha_inclusion>
        <datosPedido>
            <id_pedido>37</id_pedido>
            <fecha_compra>24/10/2021</fecha_compra>
            <fecha_entrega>30/10/2021</fecha_entrega>
            <total_factura>35€</total_factura>
            <producto>
                <nombre_producto>polo estructura piqué</nombre_producto>
                <referencia>37</referencia>
                <precio>35€</precio>
                <unidades>1</unidades>
            </producto>
        </datosPedido>
    </pedido>

    <pedido>
        <numero>38</numero>
        <nombre>Javier</nombre>
        <apellido>Gonzalez</apellido>
        <telefono>644-555-666</telefono>
        <direccion>
            <calle>Calle ferrocarril</calle>
            <ciudad>Getafe</ciudad>
            <codigo_postal>28907</codigo_postal>
            <provincia>Madrid</provincia>
        </direccion>
        <email>j.gonzalez@gmail.com</email>
        <fecha_inclusion>
            <fecha>02/11/2021</fecha>
            <año>2021</año>
            <trimestre>4</trimestre>
        </fecha_inclusion>
        <datosPedido>
            <id_pedido>38</id_pedido>
            <fecha_compra>02/11/2021</fecha_compra>
            <fecha_entrega>11/11/2021</fecha_entrega>
            <total_factura>27€</total_factura>
            <producto>
                <nombre_producto>polo color block</nombre_producto>
                <referencia>38</referencia>
                <precio>27€</precio>
                <unidades>1</unidades>
            </producto>
        </datosPedido>
    </pedido>

    <pedido>
        <numero>39</numero>
        <nombre>Daniela</nombre>
        <apellido>Blanco</apellido>
        <telefono>647-898-766</telefono>
        <direccion>
            <calle>Calle de la paz</calle>
            <ciudad>Toledo</ciudad>
            <codigo_postal>28908</codigo_postal>
            <provincia>Toledo</provincia>
        </direccion>
        <email>danieda.db@gmail.com</email>
        <fecha_inclusion>
            <fecha>14/12/2021</fecha>
            <año>2021</año>
            <trimestre>4</trimestre>
        </fecha_inclusion>
        <datosPedido>
            <id_pedido>39</id_pedido>
            <fecha_compra>15/12/2021</fecha_compra>
            <fecha_entrega>20/12/2021</fecha_entrega>
            <total_factura>25,45€</total_factura>
            <producto>
                <nombre_producto>jersey cuello redondo</nombre_producto>
                <referencia>39</referencia>
                <precio>25,45€</precio>
                <unidades>1</unidades>
            </producto>
        </datosPedido>
    </pedido>

    <pedido>
        <numero>40</numero>
        <nombre>Paula</nombre>
        <apellido>Cubero</apellido>
        <telefono>688-926-774</telefono>
        <direccion>
            <calle>Calle pedro serbal</calle>
            <ciudad>Getafe</ciudad>
            <codigo_postal>28903</codigo_postal>
            <provincia>Madrid</provincia>
        </direccion>
        <email>paulacubero@gmail.com</email>
        <fecha_inclusion>
            <fecha>10/012/2021</fecha>
            <año>2021</año>
            <trimestre>4</trimestre>
        </fecha_inclusion>
        <datosPedido>
            <id_pedido>40</id_pedido>
            <fecha_compra>15/12/2021</fecha_compra>
            <fecha_entrega>20/12/2021</fecha_entrega>
            <total_factura>63,95€</total_factura>
            <producto>
                <nombre_producto>trench overside cinturon</nombre_producto>
                <referencia>40</referencia>
                <precio>63,95€</precio>
                <unidades>1</unidades>
            </producto>
        </datosPedido>
    </pedido>

    <!-- t1 a22-->
    <pedido>
        <numero>41</numero>
        <nombre>Jose</nombre>
        <apellido>Rudilla</apellido>
        <telefono>693-367-645</telefono>
        <direccion>
            <calle>Calle escaño</calle>
            <ciudad>Barcelona</ciudad>
            <codigo_postal>28903</codigo_postal>
            <provincia>Barcelona</provincia>
        </direccion>
        <email>j.rudilla@gmail.com</email>
        <fecha_inclusion>
            <fecha>27/01/2021</fecha>
            <año>2021</año>
            <trimestre>5</trimestre>
        </fecha_inclusion>
        <datosPedido>
            <id_pedido>41</id_pedido>
            <fecha_compra>27/01/2021</fecha_compra>
            <fecha_entrega>01/02/2021</fecha_entrega>
            <total_factura>15€</total_factura>
            <producto>
                <nombre_producto>chaqueta cuero</nombre_producto>
                <referencia>41</referencia>
                <precio>15€</precio>
                <unidades>1</unidades>
            </producto>
        </datosPedido>
    </pedido>

    <pedido>
        <numero>42</numero>
        <nombre>Tadio</nombre>
        <apellido>Marlène</apellido>
        <telefono>813-511-4423</telefono>
        <direccion>
            <calle>High Crossing</calle>
            <ciudad>Clearwater</ciudad>
            <codigo_postal>33758</codigo_postal>
            <provincia>Florida</provincia>
        </direccion>
        <email>tbeesley14@nature.com</email>
        <fecha_inclusion>
            <fecha>01/01/2022</fecha>
            <año>2022</año>
            <trimestre>5</trimestre>
        </fecha_inclusion>
        <datosPedido>
            <id_pedido>42</id_pedido>
            <fecha_compra>10/01/2022</fecha_compra>
            <fecha_entrega>15/01/2022</fecha_entrega>
            <total_factura>20€</total_factura>
            <producto>
                <nombre_producto>camisa de rayas</nombre_producto>
                <referencia>42</referencia>
                <precio>20€</precio>
                <unidades>1</unidades>
            </producto>
        </datosPedido>
    </pedido>

    <pedido>
        <numero>43</numero>
        <nombre>Essy</nombre>
        <apellido>Frédérique</apellido>
        <telefono>202-774-3184</telefono>
        <direccion>
            <calle>Crest Line</calle>
            <ciudad>Washington</ciudad>
            <codigo_postal>20435</codigo_postal>
            <provincia>District of Columbia</provincia>
        </direccion>
        <email>ekelwaybamber15@biblegateway.com</email>
        <fecha_inclusion>
            <fecha>02/01/2022</fecha>
            <año>2022</año>
            <trimestre>5</trimestre>
        </fecha_inclusion>
        <datosPedido>
            <id_pedido>43</id_pedido>
            <fecha_compra>10/01/2023</fecha_compra>
            <fecha_entrega>15/01/2022</fecha_entrega>
            <total_factura>20€</total_factura>
            <producto>
                <nombre_producto>pantalon cargo</nombre_producto>
                <referencia>43</referencia>
                <precio>30€</precio>
                <unidades>1</unidades>
            </producto>
        </datosPedido>
    </pedido>

    <pedido>
        <numero>44</numero>
        <nombre>Avram</nombre>
        <apellido>McGurk</apellido>
        <telefono>508-444-1481</telefono>
        <direccion>
            <calle>Katie</calle>
            <ciudad>New Bedford</ciudad>
            <codigo_postal>02745</codigo_postal>
            <provincia>Massachusetts</provincia>
        </direccion>
        <email>amcgurk16@microsoft.com</email>
        <fecha_inclusion>
            <fecha>15/03/2022</fecha>
            <año>2022</año>
            <trimestre>5</trimestre>
        </fecha_inclusion>
        <datosPedido>
            <id_pedido>44</id_pedido>
            <fecha_compra>15/01/2022</fecha_compra>
            <fecha_entrega>20/01/2022</fecha_entrega>
            <total_factura>22€</total_factura>
            <producto>
                <nombre_producto>chaqueta ganchillo</nombre_producto>
                <referencia>44</referencia>
                <precio>25€</precio>
                <unidades>1</unidades>
            </producto>
        </datosPedido>
    </pedido>

    <pedido>
        <numero>45</numero>
        <nombre>Ashlee</nombre>
        <apellido>Cicccitti</apellido>
        <telefono>434-298-8536</telefono>
        <direccion>
            <calle>Meadow Ridge</calle>
            <ciudad>Lynchburg</ciudad>
            <codigo_postal>24503</codigo_postal>
            <provincia>Virginia</provincia>
        </direccion>
        <email>acicccitti17@yellowbook.com</email>
        <fecha_inclusion>
            <fecha>10/03/2022</fecha>
            <año>2022</año>
            <trimestre>5</trimestre>
        </fecha_inclusion>
        <datosPedido>
            <id_pedido>45</id_pedido>
            <fecha_compra>10/03/2022</fecha_compra>
            <fecha_entrega>16/03/2022</fecha_entrega>
            <total_factura>24€</total_factura>
            <producto>
                <nombre_producto>pantalones lino</nombre_producto>
                <referencia>45</referencia>
                <precio>24€</precio>
                <unidades>1</unidades>
            </producto>
        </datosPedido>
    </pedido>

    <pedido>
        <numero>46</numero>
        <nombre>Boonie</nombre>
        <apellido>Vern</apellido>
        <telefono>202-358-2532</telefono>
        <direccion>
            <calle>Warner</calle>
            <ciudad>Washington</ciudad>
            <codigo_postal>20319</codigo_postal>
            <provincia>District of Columbia</provincia>
        </direccion>
        <email>bvern18@bluehost.com</email>
        <fecha_inclusion>
            <fecha>27/01/2022</fecha>
            <año>2022</año>
            <trimestre>5</trimestre>
        </fecha_inclusion>
        <datosPedido>
            <id_pedido>46</id_pedido>
            <fecha_compra>27/01/2022</fecha_compra>
            <fecha_entrega>02/02/2022</fecha_entrega>
            <total_factura>35€</total_factura>
            <producto>
                <nombre_producto>chaqueta gris</nombre_producto>
                <referencia>46</referencia>
                <precio>35€</precio>
                <unidades>1</unidades>
            </producto>
        </datosPedido>
    </pedido>

    <pedido>
        <numero>47</numero>
        <nombre>Alla</nombre>
        <apellido>Stapels</apellido>
        <telefono>253-668-1393</telefono>
        <direccion>
            <calle>Hovde</calle>
            <ciudad>Tacoma</ciudad>
            <codigo_postal>98442</codigo_postal>
            <provincia>Washington</provincia>
        </direccion>
        <email>astapels19@goodreads.com</email>
        <fecha_inclusion>
            <fecha>10/03/2022</fecha>
            <año>2022</año>
            <trimestre>5</trimestre>
        </fecha_inclusion>
        <datosPedido>
            <id_pedido>47</id_pedido>
            <fecha_compra>10/03/2022</fecha_compra>
            <fecha_entrega>12/03/2022</fecha_entrega>
            <total_factura>85,25 €</total_factura>
            <producto>
                <nombre_producto>sudadera naranja</nombre_producto>
                <referencia>47</referencia>
                <precio>17,05 €</precio>
                <unidades>5</unidades>
            </producto>
        </datosPedido>
    </pedido>

    <pedido>
        <numero>48</numero>
        <nombre>Roderick</nombre>
        <apellido>Seer</apellido>
        <telefono>858-401-6014</telefono>
        <direccion>
            <calle>Holy Cross</calle>
            <ciudad>San Diego</ciudad>
            <codigo_postal>92145</codigo_postal>
            <provincia>California</provincia>
        </direccion>
        <email>rseer1a@youtu.be</email>
        <fecha_inclusion>
            <fecha>13/03/2022</fecha>
            <año>2022</año>
            <trimestre>5</trimestre>
        </fecha_inclusion>
        <datosPedido>
            <id_pedido>48</id_pedido>
            <fecha_compra>13/03/2022</fecha_compra>
            <fecha_entrega>20/03/2022</fecha_entrega>
            <total_factura>9,83 €</total_factura>
            <producto>
                <nombre_producto>gorra beisbol</nombre_producto>
                <referencia>48</referencia>
                <precio>9,83 €</precio>
                <unidades>1</unidades>
            </producto>
        </datosPedido>
    </pedido>

    <pedido>
        <numero>49</numero>
        <nombre>Helen</nombre>
        <apellido>Kalker</apellido>
        <telefono>801-777-1310</telefono>
        <direccion>
            <calle>Dayton</calle>
            <ciudad>Salt Lake City</ciudad>
            <codigo_postal>84125</codigo_postal>
            <provincia>Utah</provincia>
        </direccion>
        <email>hkalker1b@symantec.com</email>
        <fecha_inclusion>
            <fecha>23/02/2022</fecha>
            <año>2022</año>
            <trimestre>5</trimestre>
        </fecha_inclusion>
        <datosPedido>
            <id_pedido>49</id_pedido>
            <fecha_compra>23/02/2022</fecha_compra>
            <fecha_entrega>29/02/2022</fecha_entrega>
            <total_factura>8 €</total_factura>
            <producto>
                <nombre_producto>anillo detalle</nombre_producto>
                <referencia>49</referencia>
                <precio>4 €</precio>
                <unidades>2</unidades>
            </producto>
        </datosPedido>
    </pedido>

    <pedido>
        <numero>50</numero>
        <nombre>Mil</nombre>
        <apellido>Gooble</apellido>
        <telefono>203-751-5600</telefono>
        <direccion>
            <calle>Golf</calle>
            <ciudad>Stamford</ciudad>
            <codigo_postal>06905</codigo_postal>
            <provincia>Connecticut</provincia>
        </direccion>
        <email>mgooble1c@mac.com</email>
        <fecha_inclusion>
            <fecha>25/01/2022</fecha>
            <año>2022</año>
            <trimestre>5</trimestre>
        </fecha_inclusion>
        <datosPedido>
            <id_pedido>50</id_pedido>
            <fecha_compra>25/01/2022</fecha_compra>
            <fecha_entrega>30/01/2022</fecha_entrega>
            <total_factura>30 €</total_factura>
            <producto>
                <nombre_producto>sobrecamisa</nombre_producto>
                <referencia>50</referencia>
                <precio>30 €</precio>
                <unidades>1</unidades>
            </producto>
        </datosPedido>
    </pedido>

    <!-- t2 a22-->
    <pedido>
        <numero>51</numero>
        <nombre>Ilsa</nombre>
        <apellido>Strothers</apellido>
        <telefono>215-266-7268</telefono>
        <direccion>
            <calle>Russell</calle>
            <ciudad>Philadelphia</ciudad>
            <codigo_postal>19141</codigo_postal>
            <provincia>Pennsylvania</provincia>
        </direccion>
        <email>istrothers1d@slate.com</email>
        <fecha_inclusion>
            <fecha>19/05/2022</fecha>
            <año>2022</año>
            <trimestre>6</trimestre>
        </fecha_inclusion>
        <datosPedido>
            <id_pedido>51</id_pedido>
            <fecha_compra>19/05/2022</fecha_compra>
            <fecha_entrega>22/05/2022</fecha_entrega>
            <total_factura>40 €</total_factura>
            <producto>
                <nombre_producto>abrigo borrego</nombre_producto>
                <referencia>51</referencia>
                <precio>40 €</precio>
                <unidades>1</unidades>
            </producto>
        </datosPedido>
    </pedido>

    <pedido>
        <numero>52</numero>
        <nombre>Rosaline</nombre>
        <apellido>Bowe</apellido>
        <telefono>522-490-1493</telefono>
        <direccion>
            <calle>Basil</calle>
            <ciudad>Austin</ciudad>
            <codigo_postal>78769</codigo_postal>
            <provincia>Texas</provincia>
        </direccion>
        <email>rbowe1e@disqus.com</email>
        <fecha_inclusion>
            <fecha>1/04/2022</fecha>
            <año>2022</año>
            <trimestre>6</trimestre>
        </fecha_inclusion>
        <datosPedido>
            <id_pedido>52</id_pedido>
            <fecha_compra>1/04/2022</fecha_compra>
            <fecha_entrega>04/04/2022</fecha_entrega>
            <total_factura>9,95 €</total_factura>
            <producto>
                <nombre_producto>camiseta blanca</nombre_producto>
                <referencia>52</referencia>
                <precio>9,95 €</precio>
                <unidades>1</unidades>
            </producto>
        </datosPedido>
    </pedido>

    <pedido>
        <numero>53</numero>
        <nombre>Patricio</nombre>
        <apellido>Johl</apellido>
        <telefono>817-297-9619</telefono>
        <direccion>
            <calle>Lakewood</calle>
            <ciudad>Arlington</ciudad>
            <codigo_postal>76096</codigo_postal>
            <provincia>Texas</provincia>
        </direccion>
        <email>pjohl1f@123-reg.co.uk</email>
        <fecha_inclusion>
            <fecha>03/04/2022</fecha>
            <año>2022</año>
            <trimestre>6</trimestre>
        </fecha_inclusion>
        <datosPedido>
            <id_pedido>53</id_pedido>
            <fecha_compra>03/04/2022</fecha_compra>
            <fecha_entrega>07/04/2022</fecha_entrega>
            <total_factura>9,95 €</total_factura>
            <producto>
                <nombre_producto>camiseta negra</nombre_producto>
                <referencia>53</referencia>
                <precio>9,95 €</precio>
                <unidades>1</unidades>
            </producto>
        </datosPedido>
    </pedido>

    <pedido>
        <numero>54</numero>
        <nombre>Millie</nombre>
        <apellido>McAuslene</apellido>
        <telefono>952-688-4277</telefono>
        <direccion>
            <calle>Eastwood</calle>
            <ciudad>Young America</ciudad>
            <codigo_postal>55557</codigo_postal>
            <provincia>Minnesota</provincia>
        </direccion>
        <email>mmcauslene1g@ovh.net</email>
        <fecha_inclusion>
            <fecha>09/04/2022</fecha>
            <año>2022</año>
            <trimestre>6</trimestre>
        </fecha_inclusion>
        <datosPedido>
            <id_pedido>54</id_pedido>
            <fecha_compra>09/04/2022</fecha_compra>
            <fecha_entrega>14/04/2022</fecha_entrega>
            <total_factura>5,49€</total_factura>
            <producto>
                <nombre_producto>camiseta de tirantes</nombre_producto>
                <referencia>54</referencia>
                <precio>5,49€</precio>
                <unidades>1</unidades>
            </producto>
        </datosPedido>
    </pedido>

    <pedido>
        <numero>55</numero>
        <nombre>Josee</nombre>
        <apellido>Seel</apellido>
        <telefono>480-760-5232</telefono>
        <direccion>
            <calle>Mosinee</calle>
            <ciudad>Scottsdale</ciudad>
            <codigo_postal>85271</codigo_postal>
            <provincia>Arizona</provincia>
        </direccion>
        <email>jseel1h@phpbb.com</email>
        <fecha_inclusion>
            <fecha>09/04/2022</fecha>
            <año>2022</año>
            <trimestre>6</trimestre>
        </fecha_inclusion>
        <datosPedido>
            <id_pedido>55</id_pedido>
            <fecha_compra>09/04/2022</fecha_compra>
            <fecha_entrega>13/04/2022</fecha_entrega>
            <total_factura>14,04€</total_factura>
            <producto>
                <nombre_producto>correa cuero reloj</nombre_producto>
                <referencia>55</referencia>
                <precio>14,04€</precio>
                <unidades>1</unidades>
            </producto>
        </datosPedido>
    </pedido>

    <pedido>
        <numero>56</numero>
        <nombre>Kara-lynn</nombre>
        <apellido>Peltz</apellido>
        <telefono>972-517-2262</telefono>
        <direccion>
            <calle>Melby</calle>
            <ciudad>Plano</ciudad>
            <codigo_postal>75074</codigo_postal>
            <provincia>Texas</provincia>
        </direccion>
        <email>kpeltz1i@yahoo.co.jp</email>
        <fecha_inclusion>
            <fecha>12/04/2022</fecha>
            <año>2022</año>
            <trimestre>6</trimestre>
        </fecha_inclusion>
        <datosPedido>
            <id_pedido>56</id_pedido>
            <fecha_compra>12/04/2022</fecha_compra>
            <fecha_entrega>16/04/2022</fecha_entrega>
            <total_factura>17,34€</total_factura>
            <producto>
                <nombre_producto>top brillante</nombre_producto>
                <referencia>56</referencia>
                <precio>8,67€</precio>
                <unidades>2</unidades>
            </producto>
        </datosPedido>
    </pedido>

    <pedido>
        <numero>57</numero>
        <nombre>Tully</nombre>
        <apellido>Stellin</apellido>
        <telefono>214-469-4740</telefono>
        <direccion>
            <calle>Reinke</calle>
            <ciudad>Dallas</ciudad>
            <codigo_postal>75387</codigo_postal>
            <provincia>Texas</provincia>
        </direccion>
        <email>tstellin1j@businessinsider.com</email>
        <fecha_inclusion>
            <fecha>01/01/2022</fecha>
            <año>2022</año>
            <trimestre>6</trimestre>
        </fecha_inclusion>
        <datosPedido>
            <id_pedido>57</id_pedido>
            <fecha_compra>15/04/2022</fecha_compra>
            <fecha_entrega>19/04/2022</fecha_entrega>
            <total_factura>23€</total_factura>
            <producto>
                <nombre_producto>bañador</nombre_producto>
                <referencia>57</referencia>
                <precio>23€</precio>
                <unidades>1</unidades>
            </producto>
        </datosPedido>
    </pedido>

    <pedido>
        <numero>58</numero>
        <nombre>Leone</nombre>
        <apellido>Castro</apellido>
        <telefono>916-472-4461</telefono>
        <direccion>
            <calle>American Ash</calle>
            <ciudad>Sacramento</ciudad>
            <codigo_postal>94280</codigo_postal>
            <provincia>California</provincia>
        </direccion>
        <email>lcastro1k@php.net</email>
        <fecha_inclusion>
            <fecha>02/01/2022</fecha>
            <año>2022</año>
            <trimestre>6</trimestre>
        </fecha_inclusion>
        <datosPedido>
            <id_pedido>58</id_pedido>
            <fecha_compra>15/04/2022</fecha_compra>
            <fecha_entrega>19/04/2022</fecha_entrega>
            <total_factura>27€</total_factura>
            <producto>
                <nombre_producto>pantalon cargo azules</nombre_producto>
                <referencia>58</referencia>
                <precio>27€</precio>
                <unidades>1</unidades>
            </producto>
        </datosPedido>
    </pedido>

    <pedido>
        <numero>59</numero>
        <nombre>Prudi</nombre>
        <apellido>Lorrain</apellido>
        <telefono>754-516-7593</telefono>
        <direccion>
            <calle>Twin Pines</calle>
            <ciudad>Fort Lauderdale</ciudad>
            <codigo_postal>33310</codigo_postal>
            <provincia>Florida</provincia>
        </direccion>
        <email>plorrain1l@trellian.com</email>
        <fecha_inclusion>
            <fecha>15/03/2022</fecha>
            <año>2022</año>
            <trimestre>6</trimestre>
        </fecha_inclusion>
        <datosPedido>
            <id_pedido>59</id_pedido>
            <fecha_compra>15/05/2022</fecha_compra>
            <fecha_entrega>20/05/2022</fecha_entrega>
            <total_factura>22€</total_factura>
            <producto>
                <nombre_producto>chaleco</nombre_producto>
                <referencia>59</referencia>
                <precio>29,45€</precio>
                <unidades>1</unidades>
            </producto>
        </datosPedido>
    </pedido>

    <pedido>
        <numero>60</numero>
        <nombre>Brook</nombre>
        <apellido>Barsby</apellido>
        <telefono>317-257-9265</telefono>
        <direccion>
            <calle>Browning</calle>
            <ciudad>Indianapolis</ciudad>
            <codigo_postal>46278</codigo_postal>
            <provincia>Indiana</provincia>
        </direccion>
        <email>bbarsby1m@bravesites.com</email>
        <fecha_inclusion>
            <fecha>10/06/2022</fecha>
            <año>2022</año>
            <trimestre>6</trimestre>
        </fecha_inclusion>
        <datosPedido>
            <id_pedido>60</id_pedido>
            <fecha_compra>15/06/2022</fecha_compra>
            <fecha_entrega>20/06/2022</fecha_entrega>
            <total_factura>12€</total_factura>
            <producto>
                <nombre_producto>top lino</nombre_producto>
                <referencia>60</referencia>
                <precio>12€</precio>
                <unidades>1</unidades>
            </producto>
        </datosPedido>
    </pedido>

    <!-- t3 a22-->
    <pedido>
        <numero>61</numero>
        <nombre>Terza</nombre>
        <apellido>Scandrite</apellido>
        <telefono>619-241-7424</telefono>
        <direccion>
            <calle>Milwaukee</calle>
            <ciudad>Santa Ana</ciudad>
            <codigo_postal>92705</codigo_postal>
            <provincia>California</provincia>
        </direccion>
        <email>tscandrite1n@unc.edu</email>
        <fecha_inclusion>
            <fecha>27/09/2022</fecha>
            <año>2022</año>
            <trimestre>7</trimestre>
        </fecha_inclusion>
        <datosPedido>
            <id_pedido>61</id_pedido>
            <fecha_compra>27/09/2022</fecha_compra>
            <fecha_entrega>02/09/2022</fecha_entrega>
            <total_factura>35€</total_factura>
            <producto>
                <nombre_producto>vaqueros fit</nombre_producto>
                <referencia>61</referencia>
                <precio>35€</precio>
                <unidades>1</unidades>
            </producto>
        </datosPedido>
    </pedido>

    <pedido>
        <numero>62</numero>
        <nombre>Julia</nombre>
        <apellido>Gomar</apellido>
        <telefono>202-477-6054</telefono>
        <direccion>
            <calle>Delladonna</calle>
            <ciudad>Washington</ciudad>
            <codigo_postal>20520</codigo_postal>
            <provincia>District of Columbia</provincia>
        </direccion>
        <email>jsugg1o@huffingtonpost.com</email>
        <fecha_inclusion>
            <fecha>05/07/2022</fecha>
            <año>2022</año>
            <trimestre>7</trimestre>
        </fecha_inclusion>
        <datosPedido>
            <id_pedido>62</id_pedido>
            <fecha_compra>05/07/2022</fecha_compra>
            <fecha_entrega>08/07/2022</fecha_entrega>
            <total_factura>26,72€</total_factura>
            <producto>
                <nombre_producto>pedientes</nombre_producto>
                <referencia>62</referencia>
                <precio>2,96€</precio>
                <unidades>5</unidades>
            </producto>
        </datosPedido>
    </pedido>

    <pedido>
        <numero>63</numero>
        <nombre>Jocelyne</nombre>
        <apellido>Ovenell</apellido>
        <telefono>402-742-9929</telefono>
        <direccion>
            <calle>Ridgeway</calle>
            <ciudad>Lincoln</ciudad>
            <codigo_postal>68505</codigo_postal>
            <provincia>Nebraska</provincia>
        </direccion>
        <email>jovenell1p@amazon.co.uk</email>
        <fecha_inclusion>
            <fecha>11/07/2022</fecha>
            <año>2011</año>
            <trimestre>7</trimestre>
        </fecha_inclusion>
        <datosPedido>
            <id_pedido>63</id_pedido>
            <fecha_compra>11/07/2022</fecha_compra>
            <fecha_entrega>16/07/2022</fecha_entrega>
            <total_factura>28€</total_factura>
            <producto>
                <nombre_producto>jersey lana</nombre_producto>
                <referencia>63</referencia>
                <precio>28€</precio>
                <unidades>1</unidades>
            </producto>
        </datosPedido>
    </pedido>

    <pedido>
        <numero>64</numero>
        <nombre>Aubree</nombre>
        <apellido>Godfray</apellido>
        <telefono>214-232-6968</telefono>
        <direccion>
            <calle>Thackeray</calle>
            <ciudad>Dallas</ciudad>
            <codigo_postal>75353</codigo_postal>
            <provincia>Texas</provincia>
        </direccion>
        <email>agodfray1q@alexa.com</email>
        <fecha_inclusion>
            <fecha>03/08/2022</fecha>
            <año>2001</año>
            <trimestre>7</trimestre>
        </fecha_inclusion>
        <datosPedido>
            <id_pedido>64</id_pedido>
            <fecha_compra>03/08/2022</fecha_compra>
            <fecha_entrega>06/08/2022</fecha_entrega>
            <total_factura>10,57€</total_factura>
            <producto>
                <nombre_producto>camiseta morada</nombre_producto>
                <referencia>64</referencia>
                <precio>10,57€</precio>
                <unidades>1</unidades>
            </producto>
        </datosPedido>
    </pedido>

    <pedido>
        <numero>65</numero>
        <nombre>Pether</nombre>
        <apellido>Vitler</apellido>
        <telefono>520-379-5419</telefono>
        <direccion>
            <calle>North</calle>
            <ciudad>Prescott</ciudad>
            <codigo_postal>86305</codigo_postal>
            <provincia>Arizona</provincia>
        </direccion>
        <email>pvitler1r@about.me</email>
        <fecha_inclusion>
            <fecha>29/07/2022</fecha>
            <año>1991</año>
            <trimestre>7</trimestre>
        </fecha_inclusion>
        <datosPedido>
            <id_pedido>65</id_pedido>
            <fecha_compra>26/07/2022</fecha_compra>
            <fecha_entrega>30/07/2022</fecha_entrega>
            <total_factura>19,85€</total_factura>
            <producto>
                <nombre_producto>anillo midi</nombre_producto>
                <referencia>65</referencia>
                <precio>7,99€</precio>
                <unidades>2</unidades>
            </producto>
        </datosPedido>
    </pedido>

    <pedido>
        <numero>66</numero>
        <nombre>Maritsa</nombre>
        <apellido>Snashall</apellido>
        <telefono>609-283-4301</telefono>
        <direccion>
            <calle>Menomonie</calle>
            <ciudad>Trenton</ciudad>
            <codigo_postal>08695</codigo_postal>
            <provincia>New Jersey</provincia>
        </direccion>
        <email>msnashall1s@phpbb.com</email>
        <fecha_inclusion>
            <fecha>01/01/2022</fecha>
            <año>2022</año>
            <trimestre>7</trimestre>
        </fecha_inclusion>
        <datosPedido>
            <id_pedido>66</id_pedido>
            <fecha_compra>15/09/2022</fecha_compra>
            <fecha_entrega>19/09/2022</fecha_entrega>
            <total_factura>20€</total_factura>
            <producto>
                <nombre_producto>jeans slim</nombre_producto>
                <referencia>66</referencia>
                <precio>20€</precio>
                <unidades>1</unidades>
            </producto>
        </datosPedido>
    </pedido>

    <pedido>
        <numero>67</numero>
        <nombre>Blakeley</nombre>
        <apellido>Lorroway</apellido>
        <telefono>201-934-4173</telefono>
        <direccion>
            <calle>Red Cloud</calle>
            <ciudad>Jersey City</ciudad>
            <codigo_postal>07305</codigo_postal>
            <provincia>New Jersey</provincia>
        </direccion>
        <email>blorroway1t@arizona.edu</email>
        <fecha_inclusion>
            <fecha>25/09/2022</fecha>
            <año>2022</año>
            <trimestre>7</trimestre>
        </fecha_inclusion>
        <datosPedido>
            <id_pedido>67</id_pedido>
            <fecha_compra>25/09/2022</fecha_compra>
            <fecha_entrega>30/09/2022</fecha_entrega>
            <total_factura>35€</total_factura>
            <producto>
                <nombre_producto>polo negro</nombre_producto>
                <referencia>67</referencia>
                <precio>35€</precio>
                <unidades>1</unidades>
            </producto>
        </datosPedido>
    </pedido>

    <pedido>
        <numero>68</numero>
        <nombre>Gabriel</nombre>
        <apellido>Piniur</apellido>
        <telefono>806-941-6635</telefono>
        <direccion>
            <calle>Carberry</calle>
            <ciudad>Lubbock</ciudad>
            <codigo_postal>79491</codigo_postal>
            <provincia>Texas</provincia>
        </direccion>
        <email>gpiniur1u@pcworld.com</email>
        <fecha_inclusion>
            <fecha>02/08/2022</fecha>
            <año>2022</año>
            <trimestre>7</trimestre>
        </fecha_inclusion>
        <datosPedido>
            <id_pedido>68</id_pedido>
            <fecha_compra>15/08/2022</fecha_compra>
            <fecha_entrega>19/08/2022</fecha_entrega>
            <total_factura>27€</total_factura>
            <producto>
                <nombre_producto>pantalon cargo azules</nombre_producto>
                <referencia>68</referencia>
                <precio>27€</precio>
                <unidades>1</unidades>
            </producto>
        </datosPedido>
    </pedido>

    <pedido>
        <numero>69</numero>
        <nombre>Sammie</nombre>
        <apellido>Toby</apellido>
        <telefono>508-986-8799</telefono>
        <direccion>
            <calle>Brentwood</calle>
            <ciudad>Boston</ciudad>
            <codigo_postal>02114</codigo_postal>
            <provincia>Massachusetts</provincia>
        </direccion>
        <email>stoby1v@plala.or.jp</email>
        <fecha_inclusion>
            <fecha>15/08/2022</fecha>
            <año>2022</año>
            <trimestre>7</trimestre>
        </fecha_inclusion>
        <datosPedido>
            <id_pedido>69</id_pedido>
            <fecha_compra>15/08/2022</fecha_compra>
            <fecha_entrega>20/08/2022</fecha_entrega>
            <total_factura>25,45€</total_factura>
            <producto>
                <nombre_producto>jersey punto rayas</nombre_producto>
                <referencia>69</referencia>
                <precio>25,45€</precio>
                <unidades>1</unidades>
            </producto>
        </datosPedido>
    </pedido>

    <pedido>
        <numero>70</numero>
        <nombre>Lindsey</nombre>
        <apellido>Strevens</apellido>
        <telefono>812-488-6409</telefono>
        <direccion>
            <calle>Lien</calle>
            <ciudad>Evansville</ciudad>
            <codigo_postal>47725</codigo_postal>
            <provincia>Indiana</provincia>
        </direccion>
        <email>lstrevens1w@artisteer.com</email>
        <fecha_inclusion>
            <fecha>14/09/2022</fecha>
            <año>2022</año>
            <trimestre>7</trimestre>
        </fecha_inclusion>
        <datosPedido>
            <id_pedido>70</id_pedido>
            <fecha_compra>14/09/2022</fecha_compra>
            <fecha_entrega>19/09/2022</fecha_entrega>
            <total_factura>22,95€</total_factura>
            <producto>
                <nombre_producto>jersey crop punto</nombre_producto>
                <referencia>70</referencia>
                <precio>22,95€</precio>
                <unidades>1</unidades>
            </producto>
        </datosPedido>
    </pedido>

    <!-- t4 a22-->
    <pedido>
        <numero>71</numero>
        <nombre>Bonnie</nombre>
        <apellido>Colquit</apellido>
        <telefono>941-817-0710</telefono>
        <direccion>
            <calle>Oakridge</calle>
            <ciudad>Seminole</ciudad>
            <codigo_postal>34642</codigo_postal>
            <provincia>Florida</provincia>
        </direccion>
        <email>bcolquit1x@google.com.au</email>
        <fecha_inclusion>
            <fecha>27/10/2022</fecha>
            <año>2022</año>
            <trimestre>8</trimestre>
        </fecha_inclusion>
        <datosPedido>
            <id_pedido>71</id_pedido>
            <fecha_compra>27/10/2022</fecha_compra>
            <fecha_entrega>02/11/2022</fecha_entrega>
            <total_factura>15€</total_factura>
            <producto>
                <nombre_producto>bufanda</nombre_producto>
                <referencia>71</referencia>
                <precio>15€</precio>
                <unidades>1</unidades>
            </producto>
        </datosPedido>
    </pedido>

    <pedido>
        <numero>72</numero>
        <nombre>Daniel</nombre>
        <apellido>Lorenzo</apellido>
        <telefono>305-196-4355</telefono>
        <direccion>
            <calle>Lerdahl</calle>
            <ciudad>Hollywood</ciudad>
            <codigo_postal>33023</codigo_postal>
            <provincia>Florida</provincia>
        </direccion>
        <email>dsaltert@un.org</email>
        <fecha_inclusion>
            <fecha>22/10/2022</fecha>
            <año>2022</año>
            <trimestre>8</trimestre>
        </fecha_inclusion>
        <datosPedido>
            <id_pedido>72</id_pedido>
            <fecha_compra>22/10/2022</fecha_compra>
            <fecha_entrega>27/10/2022</fecha_entrega>
            <total_factura>39,99€</total_factura>
            <producto>
                <nombre_producto>blazer confort</nombre_producto>
                <referencia>72</referencia>
                <precio>39,99€</precio>
                <unidades>1</unidades>
            </producto>
        </datosPedido>
    </pedido>

    <pedido>
        <numero>73</numero>
        <nombre>Tedd</nombre>
        <apellido>Gaëlle</apellido>
        <telefono>303-555-1559</telefono>
        <direccion>
            <calle>Hooker</calle>
            <ciudad>Denver</ciudad>
            <codigo_postal>80217</codigo_postal>
            <provincia>Colorado</provincia>
        </direccion>
        <email>tsleathu@blogs.com</email>
        <fecha_inclusion>
            <fecha>15/5/2022</fecha>
            <año>2013</año>
            <trimestre>8</trimestre>
        </fecha_inclusion>
        <datosPedido>
            <id_pedido>73</id_pedido>
            <fecha_compra>23/10/2022</fecha_compra>
            <fecha_entrega>2/11/2022</fecha_entrega>
            <total_factura>15€</total_factura>
            <producto>
                <nombre_producto>pulsera rígida</nombre_producto>
                <referencia>73</referencia>
                <precio>15€</precio>
                <unidades>1</unidades>
            </producto>
        </datosPedido>
    </pedido>

    <pedido>
        <numero>74</numero>
        <nombre>Gae</nombre>
        <apellido>Andréanne</apellido>
        <telefono>407-194-6933</telefono>
        <direccion>
            <calle>Commercial</calle>
            <ciudad>Orlando</ciudad>
            <codigo_postal>32854</codigo_postal>
            <provincia>Florida</provincia>
        </direccion>
        <email>gcaldesv@census.gov</email>
        <fecha_inclusion>
            <fecha>20/12/2022</fecha>
            <año>2022</año>
            <trimestre>8</trimestre>
        </fecha_inclusion>
        <datosPedido>
            <id_pedido>74</id_pedido>
            <fecha_compra>20/12/2022</fecha_compra>
            <fecha_entrega>26/12/2022</fecha_entrega>
            <total_factura>8,09€</total_factura>
            <producto>
                <nombre_producto>pulsera trenzada</nombre_producto>
                <referencia>74</referencia>
                <precio>8,09€</precio>
                <unidades>1</unidades>
            </producto>
        </datosPedido>
    </pedido>

    <pedido>
        <numero>75</numero>
        <nombre>Henrieta</nombre>
        <apellido>André</apellido>
        <telefono>205-107-4297</telefono>
        <direccion>
            <calle>Starling</calle>
            <ciudad>Tuscaloosa</ciudad>
            <codigo_postal>35487</codigo_postal>
            <provincia>Alabama</provincia>
        </direccion>
        <email>hcarabetw@bbc.co.uk</email>
        <fecha_inclusion>
            <fecha>29/11/2022</fecha>
            <año>2022</año>
            <trimestre>8</trimestre>
        </fecha_inclusion>
        <datosPedido>
            <id_pedido>75</id_pedido>
            <fecha_compra>29/11/2022</fecha_compra>
            <fecha_entrega>04/12/2022</fecha_entrega>
            <total_factura>19€</total_factura>
            <producto>
                <nombre_producto>top punto hilo metalizado</nombre_producto>
                <referencia>75</referencia>
                <precio>19€</precio>
                <unidades>1</unidades>
            </producto>
        </datosPedido>
    </pedido>

    <pedido>
        <numero>76</numero>
        <nombre>Petta</nombre>
        <apellido>jons</apellido>
        <telefono>971-608-4159</telefono>
        <direccion>
            <calle>Schurz</calle>
            <ciudad>Portland</ciudad>
            <codigo_postal>97271</codigo_postal>
            <provincia>Oregon</provincia>
        </direccion>
        <email>peta.json@gmail.com</email>
        <fecha_inclusion>
            <fecha>17/11/2022</fecha>
            <año>2022</año>
            <trimestre>8</trimestre>
        </fecha_inclusion>
        <datosPedido>
            <id_pedido>76</id_pedido>
            <fecha_compra>17/11/2022</fecha_compra>
            <fecha_entrega>21/11/2022</fecha_entrega>
            <total_factura>40€</total_factura>
            <producto>
                <nombre_producto>blazer cruzada overside</nombre_producto>
                <referencia>76</referencia>
                <precio>40€</precio>
                <unidades>1</unidades>
            </producto>
        </datosPedido>
    </pedido>

    <pedido>
        <numero>77</numero>
        <nombre>Juan</nombre>
        <apellido>Diaz</apellido>
        <telefono>989-113-0393</telefono>
        <direccion>
            <calle>Daystar</calle>
            <ciudad>Saginaw</ciudad>
            <codigo_postal>48609</codigo_postal>
            <provincia>Michigan</provincia>
        </direccion>
        <email>j.diaz@gmail.com</email>
        <fecha_inclusion>
            <fecha>23/11/2022</fecha>
            <año>2022</año>
            <trimestre>8</trimestre>
        </fecha_inclusion>
        <datosPedido>
            <id_pedido>77</id_pedido>
            <fecha_compra>23/11/2022</fecha_compra>
            <fecha_entrega>30/11/2022</fecha_entrega>
            <total_factura>17€</total_factura>
            <producto>
                <nombre_producto>body elástico</nombre_producto>
                <referencia>77</referencia>
                <precio>17€</precio>
                <unidades>35</unidades>
            </producto>
        </datosPedido>
    </pedido>

    <pedido>
        <numero>78</numero>
        <nombre>Álvaro</nombre>
        <apellido>Martín</apellido>
        <telefono>619-440-9406</telefono>
        <direccion>
            <calle>casar</calle>
            <ciudad>Getafe</ciudad>
            <codigo_postal>28905</codigo_postal>
            <provincia>Madrid</provincia>
        </direccion>
        <email>alvaro7@mh.com</email>
        <fecha_inclusion>
            <fecha>25/3/2022</fecha>
            <año>2022</año>
            <trimestre>8</trimestre>
        </fecha_inclusion>
        <datosPedido>
            <id_pedido>78</id_pedido>
            <fecha_compra>25/10/2022</fecha_compra>
            <fecha_entrega>30/10/2022</fecha_entrega>
            <total_factura>35€</total_factura>
            <producto>
                <nombre_producto>camisa lino</nombre_producto>
                <referencia>78</referencia>
                <precio>35€</precio>
                <unidades>1</unidades>
            </producto>
        </datosPedido>
    </pedido>

    <pedido>
        <numero>79</numero>
        <nombre>Javier</nombre>
        <apellido>Gonzalez</apellido>
        <telefono>644-555-666</telefono>
        <direccion>
            <calle>Calle ferrocarril</calle>
            <ciudad>Getafe</ciudad>
            <codigo_postal>28907</codigo_postal>
            <provincia>Madrid</provincia>
        </direccion>
        <email>j.gonzalez@gmail.com</email>
        <fecha_inclusion>
            <fecha>02/01/2022</fecha>
            <año>2022</año>
            <trimestre>8</trimestre>
        </fecha_inclusion>
        <datosPedido>
            <id_pedido>79</id_pedido>
            <fecha_compra>15/11/2022</fecha_compra>
            <fecha_entrega>19/11/2022</fecha_entrega>
            <total_factura>27€</total_factura>
            <producto>
                <nombre_producto>polo color block</nombre_producto>
                <referencia>79</referencia>
                <precio>27€</precio>
                <unidades>1</unidades>
            </producto>
        </datosPedido>
    </pedido>

    <pedido>
        <numero>80</numero>
        <nombre>Daniela</nombre>
        <apellido>Blanco</apellido>
        <telefono>647-898-766</telefono>
        <direccion>
            <calle>Calle de la paz</calle>
            <ciudad>Toledo</ciudad>
            <codigo_postal>28908</codigo_postal>
            <provincia>Toledo</provincia>
        </direccion>
        <email>danieda.db@gmail.com</email>
        <fecha_inclusion>
            <fecha>15/03/2022</fecha>
            <año>2022</año>
            <trimestre>8</trimestre>
        </fecha_inclusion>
        <datosPedido>
            <id_pedido>80</id_pedido>
            <fecha_compra>15/12/2022</fecha_compra>
            <fecha_entrega>20/12/2022</fecha_entrega>
            <total_factura>25,45€</total_factura>
            <producto>
                <nombre_producto>camisa corta algodon</nombre_producto>
                <referencia>80</referencia>
                <precio>25,45€</precio>
                <unidades>1</unidades>
            </producto>
        </datosPedido>
    </pedido>

</pedidos>